,Date,Price,Year,Month
2,1990-08-20,1.191,1990,8
3,1990-08-27,1.245,1990,8
5,1990-09-03,1.242,1990,9
6,1990-09-10,1.252,1990,9
7,1990-09-17,1.266,1990,9
8,1990-09-24,1.272,1990,9
10,1990-10-01,1.321,1990,10
11,1990-10-08,1.333,1990,10
12,1990-10-15,1.339,1990,10
13,1990-10-22,1.345,1990,10
14,1990-10-29,1.339,1990,10
15,1990-11-05,1.334,1990,11
16,1990-11-12,1.328,1990,11
17,1990-11-19,1.323,1990,11
18,1990-11-26,1.311,1990,11
20,1990-12-03,1.341,1990,12
21,1990-12-10,0.0,1990,12
22,1990-12-17,0.0,1990,12
23,1990-12-24,0.0,1990,12
24,1990-12-31,0.0,1990,12
25,1991-01-07,0.0,1991,1
26,1991-01-14,0.0,1991,1
27,1991-01-21,1.192,1991,1
28,1991-01-28,1.168,1991,1
30,1991-02-04,1.139,1991,2
31,1991-02-11,1.106,1991,2
32,1991-02-18,1.078,1991,2
33,1991-02-25,1.054,1991,2
35,1991-03-04,1.025,1991,3
36,1991-03-11,1.045,1991,3
37,1991-03-18,1.043,1991,3
38,1991-03-25,1.047,1991,3
40,1991-04-01,1.052,1991,4
41,1991-04-08,1.066,1991,4
42,1991-04-15,1.069,1991,4
43,1991-04-22,1.09,1991,4
44,1991-04-29,1.104,1991,4
45,1991-05-06,1.113,1991,5
46,1991-05-13,1.121,1991,5
47,1991-05-20,1.129,1991,5
48,1991-05-27,1.14,1991,5
50,1991-06-03,1.138,1991,6
51,1991-06-10,1.135,1991,6
52,1991-06-17,1.126,1991,6
53,1991-06-24,1.114,1991,6
55,1991-07-01,1.104,1991,7
56,1991-07-08,1.098,1991,7
57,1991-07-15,1.094,1991,7
58,1991-07-22,1.091,1991,7
59,1991-07-29,1.091,1991,7
60,1991-08-05,1.099,1991,8
61,1991-08-12,1.112,1991,8
62,1991-08-19,1.124,1991,8
63,1991-08-26,1.124,1991,8
65,1991-09-02,1.127,1991,9
66,1991-09-09,1.12,1991,9
67,1991-09-16,1.11,1991,9
68,1991-09-23,1.097,1991,9
69,1991-09-30,1.092,1991,9
70,1991-10-07,1.089,1991,10
71,1991-10-14,1.084,1991,10
72,1991-10-21,1.088,1991,10
73,1991-10-28,1.091,1991,10
75,1991-11-04,1.091,1991,11
76,1991-11-11,1.102,1991,11
77,1991-11-18,1.104,1991,11
78,1991-11-25,1.099,1991,11
80,1991-12-02,1.099,1991,12
81,1991-12-09,1.091,1991,12
82,1991-12-16,1.075,1991,12
83,1991-12-23,1.063,1991,12
84,1991-12-30,1.053,1991,12
85,1992-01-06,1.042,1992,1
86,1992-01-13,1.026,1992,1
87,1992-01-20,1.014,1992,1
88,1992-01-27,1.006,1992,1
90,1992-02-03,0.995,1992,2
91,1992-02-10,1.004,1992,2
92,1992-02-17,1.011,1992,2
93,1992-02-24,1.014,1992,2
95,1992-03-02,1.012,1992,3
96,1992-03-09,1.013,1992,3
97,1992-03-16,1.01,1992,3
98,1992-03-23,1.015,1992,3
99,1992-03-30,1.013,1992,3
100,1992-04-06,1.026,1992,4
101,1992-04-13,1.051,1992,4
102,1992-04-20,1.058,1992,4
103,1992-04-27,1.072,1992,4
105,1992-05-04,1.089,1992,5
106,1992-05-11,1.102,1992,5
107,1992-05-18,1.118,1992,5
108,1992-05-25,1.12,1992,5
110,1992-06-01,1.128,1992,6
111,1992-06-08,1.143,1992,6
112,1992-06-15,1.151,1992,6
113,1992-06-22,1.153,1992,6
114,1992-06-29,1.149,1992,6
115,1992-07-06,1.147,1992,7
116,1992-07-13,1.139,1992,7
117,1992-07-20,1.132,1992,7
118,1992-07-27,1.128,1992,7
120,1992-08-03,1.126,1992,8
121,1992-08-10,1.123,1992,8
122,1992-08-17,1.116,1992,8
123,1992-08-24,1.123,1992,8
124,1992-08-31,1.121,1992,8
125,1992-09-07,1.121,1992,9
126,1992-09-14,1.124,1992,9
127,1992-09-21,1.123,1992,9
128,1992-09-28,1.118,1992,9
130,1992-10-05,1.115,1992,10
131,1992-10-12,1.115,1992,10
132,1992-10-19,1.113,1992,10
133,1992-10-26,1.113,1992,10
135,1992-11-02,1.12,1992,11
136,1992-11-09,1.12,1992,11
137,1992-11-16,1.112,1992,11
138,1992-11-23,1.106,1992,11
139,1992-11-30,1.098,1992,11
140,1992-12-07,1.089,1992,12
141,1992-12-14,1.078,1992,12
142,1992-12-21,1.074,1992,12
143,1992-12-28,1.069,1992,12
145,1993-01-04,1.065,1993,1
146,1993-01-11,1.066,1993,1
147,1993-01-18,1.061,1993,1
148,1993-01-25,1.055,1993,1
150,1993-02-01,1.055,1993,2
151,1993-02-08,1.062,1993,2
152,1993-02-15,1.053,1993,2
153,1993-02-22,1.047,1993,2
155,1993-03-01,1.042,1993,3
156,1993-03-08,1.048,1993,3
157,1993-03-15,1.058,1993,3
158,1993-03-22,1.056,1993,3
159,1993-03-29,1.057,1993,3
160,1993-04-05,1.068,1993,4
161,1993-04-12,1.079,1993,4
162,1993-04-19,1.079,1993,4
163,1993-04-26,1.086,1993,4
165,1993-05-03,1.086,1993,5
166,1993-05-10,1.097,1993,5
167,1993-05-17,1.106,1993,5
168,1993-05-24,1.106,1993,5
169,1993-05-31,1.107,1993,5
170,1993-06-07,1.104,1993,6
171,1993-06-14,1.101,1993,6
172,1993-06-21,1.095,1993,6
173,1993-06-28,1.089,1993,6
175,1993-07-05,1.086,1993,7
176,1993-07-12,1.081,1993,7
177,1993-07-19,1.075,1993,7
178,1993-07-26,1.069,1993,7
180,1993-08-02,1.062,1993,8
181,1993-08-09,1.06,1993,8
182,1993-08-16,1.059,1993,8
183,1993-08-23,1.065,1993,8
184,1993-08-30,1.062,1993,8
185,1993-09-06,1.055,1993,9
186,1993-09-13,1.051,1993,9
187,1993-09-20,1.045,1993,9
188,1993-09-27,1.047,1993,9
190,1993-10-04,1.092,1993,10
191,1993-10-11,1.09,1993,10
192,1993-10-18,1.093,1993,10
193,1993-10-25,1.092,1993,10
195,1993-11-01,1.084,1993,11
196,1993-11-08,1.075,1993,11
197,1993-11-15,1.064,1993,11
198,1993-11-22,1.058,1993,11
199,1993-11-29,1.051,1993,11
200,1993-12-06,1.036,1993,12
201,1993-12-13,1.018,1993,12
202,1993-12-20,1.003,1993,12
203,1993-12-27,0.999,1993,12
205,1994-01-03,0.992,1994,1
206,1994-01-10,0.995,1994,1
207,1994-01-17,1.001,1994,1
208,1994-01-24,0.999,1994,1
209,1994-01-31,1.005,1994,1
210,1994-02-07,1.007,1994,2
211,1994-02-14,1.016,1994,2
212,1994-02-21,1.009,1994,2
213,1994-02-28,1.004,1994,2
215,1994-03-07,1.007,1994,3
216,1994-03-14,1.005,1994,3
217,1994-03-21,1.007,1994,3
218,1994-03-28,1.012,1994,3
220,1994-04-04,1.011,1994,4
221,1994-04-11,1.028,1994,4
222,1994-04-18,1.033,1994,4
223,1994-04-25,1.037,1994,4
225,1994-05-02,1.04,1994,5
226,1994-05-09,1.045,1994,5
227,1994-05-16,1.046,1994,5
228,1994-05-23,1.05,1994,5
229,1994-05-30,1.056,1994,5
230,1994-06-06,1.065,1994,6
231,1994-06-13,1.073,1994,6
232,1994-06-20,1.079,1994,6
233,1994-06-27,1.095,1994,6
235,1994-07-04,1.097,1994,7
236,1994-07-11,1.103,1994,7
237,1994-07-18,1.109,1994,7
238,1994-07-25,1.114,1994,7
240,1994-08-01,1.13,1994,8
241,1994-08-08,1.157,1994,8
242,1994-08-15,1.161,1994,8
243,1994-08-22,1.165,1994,8
244,1994-08-29,1.161,1994,8
245,1994-09-05,1.156,1994,9
246,1994-09-12,1.15,1994,9
247,1994-09-19,1.14,1994,9
248,1994-09-26,1.129,1994,9
250,1994-10-03,1.12,1994,10
251,1994-10-10,1.114,1994,10
252,1994-10-17,1.106,1994,10
253,1994-10-24,1.107,1994,10
254,1994-10-31,1.121,1994,10
255,1994-11-07,1.123,1994,11
256,1994-11-14,1.122,1994,11
257,1994-11-21,1.113,1994,11
258,1994-11-28,1.105,1994,11
260,1994-12-05,1.103,1994,12
261,1994-12-12,1.095,1994,12
262,1994-12-19,1.087,1994,12
263,1994-12-26,1.077,1994,12
265,1995-01-02,1.079,1995,1
266,1995-01-09,1.086,1995,1
267,1995-01-16,1.078,1995,1
268,1995-01-23,1.083,1995,1
269,1995-01-30,1.083,1995,1
270,1995-02-06,1.076,1995,2
271,1995-02-13,1.074,1995,2
272,1995-02-20,1.067,1995,2
273,1995-02-27,1.073,1995,2
275,1995-03-06,1.076,1995,3
276,1995-03-13,1.069,1995,3
277,1995-03-20,1.068,1995,3
278,1995-03-27,1.075,1995,3
280,1995-04-03,1.087,1995,4
281,1995-04-10,1.103,1995,4
282,1995-04-17,1.117,1995,4
283,1995-04-24,1.138,1995,4
285,1995-05-01,1.148,1995,5
286,1995-05-08,1.169,1995,5
287,1995-05-15,1.179,1995,5
288,1995-05-22,1.197,1995,5
289,1995-05-29,1.199,1995,5
290,1995-06-05,1.199,1995,6
291,1995-06-12,1.196,1995,6
292,1995-06-19,1.189,1995,6
293,1995-06-26,1.182,1995,6
295,1995-07-03,1.175,1995,7
296,1995-07-10,1.165,1995,7
297,1995-07-17,1.153,1995,7
298,1995-07-24,1.144,1995,7
299,1995-07-31,1.132,1995,7
300,1995-08-07,1.127,1995,8
301,1995-08-14,1.125,1995,8
302,1995-08-21,1.124,1995,8
303,1995-08-28,1.117,1995,8
305,1995-09-04,1.113,1995,9
306,1995-09-11,1.111,1995,9
307,1995-09-18,1.11,1995,9
308,1995-09-25,1.109,1995,9
310,1995-10-02,1.105,1995,10
311,1995-10-09,1.097,1995,10
312,1995-10-16,1.087,1995,10
313,1995-10-23,1.079,1995,10
314,1995-10-30,1.068,1995,10
315,1995-11-06,1.065,1995,11
316,1995-11-13,1.063,1995,11
317,1995-11-20,1.06,1995,11
318,1995-11-27,1.061,1995,11
320,1995-12-04,1.062,1995,12
321,1995-12-11,1.063,1995,12
322,1995-12-18,1.078,1995,12
323,1995-12-25,1.082,1995,12
325,1996-01-01,1.083,1996,1
326,1996-01-08,1.093,1996,1
327,1996-01-15,1.098,1996,1
328,1996-01-22,1.091,1996,1
329,1996-01-29,1.087,1996,1
330,1996-02-05,1.083,1996,2
331,1996-02-12,1.08,1996,2
332,1996-02-19,1.087,1996,2
333,1996-02-26,1.107,1996,2
335,1996-03-04,1.124,1996,3
336,1996-03-11,1.125,1996,3
337,1996-03-18,1.135,1996,3
338,1996-03-25,1.164,1996,3
340,1996-04-01,1.178,1996,4
341,1996-04-08,1.204,1996,4
342,1996-04-15,1.242,1996,4
343,1996-04-22,1.256,1996,4
344,1996-04-29,1.273,1996,4
345,1996-05-06,1.275,1996,5
346,1996-05-13,1.277,1996,5
347,1996-05-20,1.285,1996,5
348,1996-05-27,1.275,1996,5
350,1996-06-03,1.269,1996,6
351,1996-06-10,1.262,1996,6
352,1996-06-17,1.258,1996,6
353,1996-06-24,1.245,1996,6
355,1996-07-01,1.234,1996,7
356,1996-07-08,1.231,1996,7
357,1996-07-15,1.228,1996,7
358,1996-07-22,1.227,1996,7
359,1996-07-29,1.218,1996,7
360,1996-08-05,1.207,1996,8
361,1996-08-12,1.203,1996,8
362,1996-08-19,1.205,1996,8
363,1996-08-26,1.209,1996,8
365,1996-09-02,1.197,1996,9
366,1996-09-09,1.203,1996,9
367,1996-09-16,1.206,1996,9
368,1996-09-23,1.206,1996,9
369,1996-09-30,1.2,1996,9
370,1996-10-07,1.194,1996,10
371,1996-10-14,1.203,1996,10
372,1996-10-21,1.204,1996,10
373,1996-10-28,1.215,1996,10
375,1996-11-04,1.223,1996,11
376,1996-11-11,1.226,1996,11
377,1996-11-18,1.236,1996,11
378,1996-11-25,1.244,1996,11
380,1996-12-02,1.241,1996,12
381,1996-12-09,1.241,1996,12
382,1996-12-16,1.236,1996,12
383,1996-12-23,1.231,1996,12
384,1996-12-30,1.227,1996,12
385,1997-01-06,1.225,1997,1
386,1997-01-13,1.241,1997,1
387,1997-01-20,1.241,1997,1
388,1997-01-27,1.238,1997,1
390,1997-02-03,1.236,1997,2
391,1997-02-10,1.234,1997,2
392,1997-02-17,1.227,1997,2
393,1997-02-24,1.223,1997,2
395,1997-03-03,1.215,1997,3
396,1997-03-10,1.206,1997,3
397,1997-03-17,1.2,1997,3
398,1997-03-24,1.204,1997,3
399,1997-03-31,1.2,1997,3
400,1997-04-07,1.203,1997,4
401,1997-04-14,1.199,1997,4
402,1997-04-21,1.199,1997,4
403,1997-04-28,1.195,1997,4
405,1997-05-05,1.193,1997,5
406,1997-05-12,1.193,1997,5
407,1997-05-19,1.203,1997,5
408,1997-05-26,1.212,1997,5
410,1997-06-02,1.215,1997,6
411,1997-06-09,1.207,1997,6
412,1997-06-16,1.198,1997,6
413,1997-06-23,1.187,1997,6
414,1997-06-30,1.181,1997,6
415,1997-07-07,1.177,1997,7
416,1997-07-14,1.173,1997,7
417,1997-07-21,1.177,1997,7
418,1997-07-28,1.17,1997,7
420,1997-08-04,1.193,1997,8
421,1997-08-11,1.228,1997,8
422,1997-08-18,1.229,1997,8
423,1997-08-25,1.244,1997,8
425,1997-09-01,1.243,1997,9
426,1997-09-08,1.243,1997,9
427,1997-09-15,1.236,1997,9
428,1997-09-22,1.225,1997,9
429,1997-09-29,1.21,1997,9
430,1997-10-06,1.209,1997,10
431,1997-10-13,1.203,1997,10
432,1997-10-20,1.193,1997,10
433,1997-10-27,1.182,1997,10
435,1997-11-03,1.176,1997,11
436,1997-11-10,1.177,1997,11
437,1997-11-17,1.168,1997,11
438,1997-11-24,1.162,1997,11
440,1997-12-01,1.152,1997,12
441,1997-12-08,1.141,1997,12
442,1997-12-15,1.131,1997,12
443,1997-12-22,1.121,1997,12
444,1997-12-29,1.112,1997,12
445,1998-01-05,1.102,1998,1
446,1998-01-12,1.094,1998,1
447,1998-01-19,1.083,1998,1
448,1998-01-26,1.066,1998,1
450,1998-02-02,1.061,1998,2
451,1998-02-09,1.053,1998,2
452,1998-02-16,1.038,1998,2
453,1998-02-23,1.044,1998,2
455,1998-03-02,1.028,1998,3
456,1998-03-09,1.018,1998,3
457,1998-03-16,1.008,1998,3
458,1998-03-23,1.0,1998,3
459,1998-03-30,1.03,1998,3
460,1998-04-06,1.028,1998,4
461,1998-04-13,1.025,1998,4
462,1998-04-20,1.028,1998,4
463,1998-04-27,1.04,1998,4
465,1998-05-04,1.049,1998,5
466,1998-05-11,1.063,1998,5
467,1998-05-18,1.072,1998,5
468,1998-05-25,1.07,1998,5
470,1998-06-01,1.066,1998,6
471,1998-06-08,1.075,1998,6
472,1998-06-15,1.066,1998,6
473,1998-06-22,1.058,1998,6
474,1998-06-29,1.057,1998,6
475,1998-07-06,1.058,1998,7
476,1998-07-13,1.054,1998,7
477,1998-07-20,1.059,1998,7
478,1998-07-27,1.05,1998,7
480,1998-08-03,1.039,1998,8
481,1998-08-10,1.033,1998,8
482,1998-08-17,1.026,1998,8
483,1998-08-24,1.019,1998,8
484,1998-08-31,1.013,1998,8
485,1998-09-07,1.007,1998,9
486,1998-09-14,1.002,1998,9
487,1998-09-21,1.014,1998,9
488,1998-09-28,1.014,1998,9
490,1998-10-05,1.019,1998,10
491,1998-10-12,1.022,1998,10
492,1998-10-19,1.019,1998,10
493,1998-10-26,1.015,1998,10
495,1998-11-02,1.01,1998,11
496,1998-11-09,1.008,1998,11
497,1998-11-16,0.996,1998,11
498,1998-11-23,0.989,1998,11
499,1998-11-30,0.974,1998,11
500,1998-12-07,0.954,1998,12
501,1998-12-14,0.945,1998,12
502,1998-12-21,0.944,1998,12
503,1998-12-28,0.937,1998,12
505,1999-01-04,0.935,1999,1
506,1999-01-11,0.941,1999,1
507,1999-01-18,0.944,1999,1
508,1999-01-25,0.936,1999,1
510,1999-02-01,0.929,1999,2
511,1999-02-08,0.927,1999,2
512,1999-02-15,0.919,1999,2
513,1999-02-22,0.907,1999,2
515,1999-03-01,0.913,1999,3
516,1999-03-08,0.921,1999,3
517,1999-03-15,0.977,1999,3
518,1999-03-22,1.017,1999,3
519,1999-03-29,1.082,1999,3
520,1999-04-05,1.118,1999,4
521,1999-04-12,1.14,1999,4
522,1999-04-19,1.135,1999,4
523,1999-04-26,1.131,1999,4
525,1999-05-03,1.136,1999,5
526,1999-05-10,1.14,1999,5
527,1999-05-17,1.14,1999,5
528,1999-05-24,1.126,1999,5
529,1999-05-31,1.111,1999,5
530,1999-06-07,1.112,1999,6
531,1999-06-14,1.108,1999,6
532,1999-06-21,1.124,1999,6
533,1999-06-28,1.113,1999,6
535,1999-07-05,1.125,1999,7
536,1999-07-12,1.143,1999,7
537,1999-07-19,1.169,1999,7
538,1999-07-26,1.193,1999,7
540,1999-08-02,1.195,1999,8
541,1999-08-09,1.206,1999,8
542,1999-08-16,1.236,1999,8
543,1999-08-23,1.234,1999,8
544,1999-08-30,1.233,1999,8
545,1999-09-06,1.242,1999,9
546,1999-09-13,1.25,1999,9
547,1999-09-20,1.268,1999,9
548,1999-09-27,1.262,1999,9
550,1999-10-04,1.255,1999,10
551,1999-10-11,1.249,1999,10
552,1999-10-18,1.236,1999,10
553,1999-10-25,1.237,1999,10
555,1999-11-01,1.23,1999,11
556,1999-11-08,1.233,1999,11
557,1999-11-15,1.251,1999,11
558,1999-11-22,1.269,1999,11
559,1999-11-29,1.274,1999,11
560,1999-12-06,1.273,1999,12
561,1999-12-13,1.275,1999,12
562,1999-12-20,1.269,1999,12
563,1999-12-27,1.273,1999,12
565,2000-01-03,1.272,2000,1
566,2000-01-10,1.264,2000,1
567,2000-01-17,1.277,2000,1
568,2000-01-24,1.315,2000,1
569,2000-01-31,1.316,2000,1
570,2000-02-07,1.325,2000,2
571,2000-02-14,1.356,2000,2
572,2000-02-21,1.406,2000,2
573,2000-02-28,1.421,2000,2
575,2000-03-06,1.501,2000,3
576,2000-03-13,1.527,2000,3
577,2000-03-20,1.529,2000,3
578,2000-03-27,1.508,2000,3
580,2000-04-03,1.503,2000,4
581,2000-04-10,1.475,2000,4
582,2000-04-17,1.444,2000,4
583,2000-04-24,1.437,2000,4
585,2000-05-01,1.42,2000,5
586,2000-05-08,1.455,2000,5
587,2000-05-15,1.492,2000,5
588,2000-05-22,1.527,2000,5
589,2000-05-29,1.54,2000,5
590,2000-06-05,1.563,2000,6
591,2000-06-12,1.631,2000,6
592,2000-06-19,1.681,2000,6
593,2000-06-26,1.658,2000,6
595,2000-07-03,1.625,2000,7
596,2000-07-10,1.593,2000,7
597,2000-07-17,1.546,2000,7
598,2000-07-24,1.52,2000,7
599,2000-07-31,1.471,2000,7
600,2000-08-07,1.462,2000,8
601,2000-08-14,1.447,2000,8
602,2000-08-21,1.468,2000,8
603,2000-08-28,1.481,2000,8
605,2000-09-04,1.53,2000,9
606,2000-09-11,1.561,2000,9
607,2000-09-18,1.562,2000,9
608,2000-09-25,1.548,2000,9
610,2000-10-02,1.524,2000,10
611,2000-10-09,1.502,2000,10
612,2000-10-16,1.539,2000,10
613,2000-10-23,1.551,2000,10
614,2000-10-30,1.545,2000,10
615,2000-11-06,1.526,2000,11
616,2000-11-13,1.523,2000,11
617,2000-11-20,1.51,2000,11
618,2000-11-27,1.51,2000,11
620,2000-12-04,1.486,2000,12
621,2000-12-11,1.449,2000,12
622,2000-12-18,1.422,2000,12
623,2000-12-25,1.414,2000,12
625,2001-01-01,1.406,2001,1
626,2001-01-08,1.425,2001,1
627,2001-01-15,1.474,2001,1
628,2001-01-22,1.471,2001,1
629,2001-01-29,1.46,2001,1
630,2001-02-05,1.443,2001,2
631,2001-02-12,1.476,2001,2
632,2001-02-19,1.449,2001,2
633,2001-02-26,1.431,2001,2
635,2001-03-05,1.417,2001,3
636,2001-03-12,1.412,2001,3
637,2001-03-19,1.404,2001,3
638,2001-03-26,1.404,2001,3
640,2001-04-02,1.442,2001,4
641,2001-04-09,1.5,2001,4
642,2001-04-16,1.571,2001,4
643,2001-04-23,1.619,2001,4
644,2001-04-30,1.626,2001,4
645,2001-05-07,1.703,2001,5
646,2001-05-14,1.713,2001,5
647,2001-05-21,1.687,2001,5
648,2001-05-28,1.704,2001,5
650,2001-06-04,1.679,2001,6
651,2001-06-11,1.647,2001,6
652,2001-06-18,1.601,2001,6
653,2001-06-25,1.538,2001,6
655,2001-07-02,1.474,2001,7
656,2001-07-09,1.437,2001,7
657,2001-07-16,1.413,2001,7
658,2001-07-23,1.395,2001,7
659,2001-07-30,1.384,2001,7
660,2001-08-06,1.376,2001,8
661,2001-08-13,1.392,2001,8
662,2001-08-20,1.427,2001,8
663,2001-08-27,1.488,2001,8
665,2001-09-03,1.545,2001,9
666,2001-09-10,1.527,2001,9
667,2001-09-17,1.529,2001,9
668,2001-09-24,1.485,2001,9
670,2001-10-01,1.416,2001,10
671,2001-10-08,1.352,2001,10
672,2001-10-15,1.309,2001,10
673,2001-10-22,1.265,2001,10
674,2001-10-29,1.235,2001,10
675,2001-11-05,1.206,2001,11
676,2001-11-12,1.182,2001,11
677,2001-11-19,1.167,2001,11
678,2001-11-26,1.127,2001,11
680,2001-12-03,1.108,2001,12
681,2001-12-10,1.095,2001,12
682,2001-12-17,1.059,2001,12
683,2001-12-24,1.072,2001,12
684,2001-12-31,1.096,2001,12
685,2002-01-07,1.112,2002,1
686,2002-01-14,1.111,2002,1
687,2002-01-21,1.105,2002,1
688,2002-01-28,1.101,2002,1
690,2002-02-04,1.116,2002,2
691,2002-02-11,1.107,2002,2
692,2002-02-18,1.116,2002,2
693,2002-02-25,1.116,2002,2
695,2002-03-04,1.144,2002,3
696,2002-03-11,1.223,2002,3
697,2002-03-18,1.288,2002,3
698,2002-03-25,1.342,2002,3
700,2002-04-01,1.371,2002,4
701,2002-04-08,1.413,2002,4
702,2002-04-15,1.404,2002,4
703,2002-04-22,1.404,2002,4
704,2002-04-29,1.393,2002,4
705,2002-05-06,1.395,2002,5
706,2002-05-13,1.388,2002,5
707,2002-05-20,1.397,2002,5
708,2002-05-27,1.387,2002,5
710,2002-06-03,1.392,2002,6
711,2002-06-10,1.375,2002,6
712,2002-06-17,1.378,2002,6
713,2002-06-24,1.384,2002,6
715,2002-07-01,1.392,2002,7
716,2002-07-08,1.382,2002,7
717,2002-07-15,1.394,2002,7
718,2002-07-22,1.41,2002,7
719,2002-07-29,1.407,2002,7
720,2002-08-05,1.395,2002,8
721,2002-08-12,1.393,2002,8
722,2002-08-19,1.392,2002,8
723,2002-08-26,1.403,2002,8
725,2002-09-02,1.394,2002,9
726,2002-09-09,1.395,2002,9
727,2002-09-16,1.401,2002,9
728,2002-09-23,1.395,2002,9
729,2002-09-30,1.413,2002,9
730,2002-10-07,1.439,2002,10
731,2002-10-14,1.44,2002,10
732,2002-10-21,1.458,2002,10
733,2002-10-28,1.444,2002,10
735,2002-11-04,1.448,2002,11
736,2002-11-11,1.439,2002,11
737,2002-11-18,1.409,2002,11
738,2002-11-25,1.38,2002,11
740,2002-12-02,1.364,2002,12
741,2002-12-09,1.36,2002,12
742,2002-12-16,1.363,2002,12
743,2002-12-23,1.401,2002,12
744,2002-12-30,1.441,2002,12
745,2003-01-06,1.444,2003,1
746,2003-01-13,1.454,2003,1
747,2003-01-20,1.459,2003,1
748,2003-01-27,1.473,2003,1
750,2003-02-03,1.527,2003,2
751,2003-02-10,1.607,2003,2
752,2003-02-17,1.66,2003,2
753,2003-02-24,1.658,2003,2
755,2003-03-03,1.686,2003,3
756,2003-03-10,1.712,2003,3
757,2003-03-17,1.728,2003,3
758,2003-03-24,1.69,2003,3
759,2003-03-31,1.649,2003,3
760,2003-04-07,1.63,2003,4
761,2003-04-14,1.595,2003,4
762,2003-04-21,1.574,2003,4
763,2003-04-28,1.557,2003,4
765,2003-05-05,1.513,2003,5
766,2003-05-12,1.491,2003,5
767,2003-05-19,1.498,2003,5
768,2003-05-26,1.487,2003,5
770,2003-06-02,1.473,2003,6
771,2003-06-09,1.49,2003,6
772,2003-06-16,1.518,2003,6
773,2003-06-23,1.496,2003,6
774,2003-06-30,1.487,2003,6
775,2003-07-07,1.489,2003,7
776,2003-07-14,1.521,2003,7
777,2003-07-21,1.524,2003,7
778,2003-07-28,1.516,2003,7
780,2003-08-04,1.536,2003,8
781,2003-08-11,1.571,2003,8
782,2003-08-18,1.627,2003,8
783,2003-08-25,1.747,2003,8
785,2003-09-01,1.746,2003,9
786,2003-09-08,1.717,2003,9
787,2003-09-15,1.697,2003,9
788,2003-09-22,1.643,2003,9
789,2003-09-29,1.591,2003,9
790,2003-10-06,1.573,2003,10
791,2003-10-13,1.568,2003,10
792,2003-10-20,1.571,2003,10
793,2003-10-27,1.542,2003,10
795,2003-11-03,1.535,2003,11
796,2003-11-10,1.504,2003,11
797,2003-11-17,1.497,2003,11
798,2003-11-24,1.512,2003,11
800,2003-12-01,1.49,2003,12
801,2003-12-08,1.476,2003,12
802,2003-12-15,1.465,2003,12
803,2003-12-22,1.485,2003,12
804,2003-12-29,1.478,2003,12
805,2004-01-05,1.51,2004,1
806,2004-01-12,1.56,2004,1
807,2004-01-19,1.595,2004,1
808,2004-01-26,1.622,2004,1
810,2004-02-02,1.616,2004,2
811,2004-02-09,1.638,2004,2
812,2004-02-16,1.648,2004,2
813,2004-02-23,1.688,2004,2
815,2004-03-01,1.717,2004,3
816,2004-03-08,1.738,2004,3
817,2004-03-15,1.724,2004,3
818,2004-03-22,1.743,2004,3
819,2004-03-29,1.758,2004,3
820,2004-04-05,1.78,2004,4
821,2004-04-12,1.786,2004,4
822,2004-04-19,1.813,2004,4
823,2004-04-26,1.812,2004,4
825,2004-05-03,1.844,2004,5
826,2004-05-10,1.941,2004,5
827,2004-05-17,2.017,2004,5
828,2004-05-24,2.064,2004,5
829,2004-05-31,2.051,2004,5
830,2004-06-07,2.034,2004,6
831,2004-06-14,1.985,2004,6
832,2004-06-21,1.937,2004,6
833,2004-06-28,1.921,2004,6
835,2004-07-05,1.895,2004,7
836,2004-07-12,1.917,2004,7
837,2004-07-19,1.928,2004,7
838,2004-07-26,1.905,2004,7
840,2004-08-02,1.888,2004,8
841,2004-08-09,1.877,2004,8
842,2004-08-16,1.875,2004,8
843,2004-08-23,1.884,2004,8
844,2004-08-30,1.866,2004,8
845,2004-09-06,1.85,2004,9
846,2004-09-13,1.846,2004,9
847,2004-09-20,1.866,2004,9
848,2004-09-27,1.917,2004,9
850,2004-10-04,1.938,2004,10
851,2004-10-11,1.993,2004,10
852,2004-10-18,2.035,2004,10
853,2004-10-25,2.032,2004,10
855,2004-11-01,2.034,2004,11
856,2004-11-08,2.001,2004,11
857,2004-11-15,1.969,2004,11
858,2004-11-22,1.948,2004,11
859,2004-11-29,1.945,2004,11
860,2004-12-06,1.911,2004,12
861,2004-12-13,1.847,2004,12
862,2004-12-20,1.815,2004,12
863,2004-12-27,1.791,2004,12
865,2005-01-03,1.778,2005,1
866,2005-01-10,1.793,2005,1
867,2005-01-17,1.819,2005,1
868,2005-01-24,1.853,2005,1
869,2005-01-31,1.911,2005,1
870,2005-02-07,1.909,2005,2
871,2005-02-14,1.898,2005,2
872,2005-02-21,1.905,2005,2
873,2005-02-28,1.928,2005,2
875,2005-03-07,1.999,2005,3
876,2005-03-14,2.056,2005,3
877,2005-03-21,2.109,2005,3
878,2005-03-28,2.153,2005,3
880,2005-04-04,2.217,2005,4
881,2005-04-11,2.28,2005,4
882,2005-04-18,2.237,2005,4
883,2005-04-25,2.236,2005,4
885,2005-05-02,2.235,2005,5
886,2005-05-09,2.186,2005,5
887,2005-05-16,2.163,2005,5
888,2005-05-23,2.125,2005,5
889,2005-05-30,2.097,2005,5
890,2005-06-06,2.116,2005,6
891,2005-06-13,2.13,2005,6
892,2005-06-20,2.161,2005,6
893,2005-06-27,2.215,2005,6
895,2005-07-04,2.226,2005,7
896,2005-07-11,2.328,2005,7
897,2005-07-18,2.317,2005,7
898,2005-07-25,2.289,2005,7
900,2005-08-01,2.291,2005,8
901,2005-08-08,2.368,2005,8
902,2005-08-15,2.55,2005,8
903,2005-08-22,2.612,2005,8
904,2005-08-29,2.61,2005,8
905,2005-09-05,3.069,2005,9
906,2005-09-12,2.955,2005,9
907,2005-09-19,2.786,2005,9
908,2005-09-26,2.803,2005,9
910,2005-10-03,2.928,2005,10
911,2005-10-10,2.848,2005,10
912,2005-10-17,2.725,2005,10
913,2005-10-24,2.603,2005,10
914,2005-10-31,2.48,2005,10
915,2005-11-07,2.376,2005,11
916,2005-11-14,2.296,2005,11
917,2005-11-21,2.201,2005,11
918,2005-11-28,2.154,2005,11
920,2005-12-05,2.147,2005,12
921,2005-12-12,2.185,2005,12
922,2005-12-19,2.211,2005,12
923,2005-12-26,2.197,2005,12
925,2006-01-02,2.238,2006,1
926,2006-01-09,2.327,2006,1
927,2006-01-16,2.32,2006,1
928,2006-01-23,2.336,2006,1
929,2006-01-30,2.357,2006,1
930,2006-02-06,2.342,2006,2
931,2006-02-13,2.284,2006,2
932,2006-02-20,2.24,2006,2
933,2006-02-27,2.254,2006,2
935,2006-03-06,2.331,2006,3
936,2006-03-13,2.366,2006,3
937,2006-03-20,2.504,2006,3
938,2006-03-27,2.498,2006,3
940,2006-04-03,2.588,2006,4
941,2006-04-10,2.683,2006,4
942,2006-04-17,2.783,2006,4
943,2006-04-24,2.914,2006,4
945,2006-05-01,2.919,2006,5
946,2006-05-08,2.909,2006,5
947,2006-05-15,2.947,2006,5
948,2006-05-22,2.892,2006,5
949,2006-05-29,2.867,2006,5
950,2006-06-05,2.892,2006,6
951,2006-06-12,2.906,2006,6
952,2006-06-19,2.871,2006,6
953,2006-06-26,2.869,2006,6
955,2006-07-03,2.934,2006,7
956,2006-07-10,2.973,2006,7
957,2006-07-17,2.989,2006,7
958,2006-07-24,3.003,2006,7
959,2006-07-31,3.004,2006,7
960,2006-08-07,3.038,2006,8
961,2006-08-14,3.0,2006,8
962,2006-08-21,2.924,2006,8
963,2006-08-28,2.845,2006,8
965,2006-09-04,2.727,2006,9
966,2006-09-11,2.618,2006,9
967,2006-09-18,2.497,2006,9
968,2006-09-25,2.378,2006,9
970,2006-10-02,2.31,2006,10
971,2006-10-09,2.261,2006,10
972,2006-10-16,2.226,2006,10
973,2006-10-23,2.208,2006,10
974,2006-10-30,2.218,2006,10
975,2006-11-06,2.2,2006,11
976,2006-11-13,2.232,2006,11
977,2006-11-20,2.239,2006,11
978,2006-11-27,2.246,2006,11
980,2006-12-04,2.297,2006,12
981,2006-12-11,2.293,2006,12
982,2006-12-18,2.32,2006,12
983,2006-12-25,2.341,2006,12
985,2007-01-01,2.334,2007,1
986,2007-01-08,2.306,2007,1
987,2007-01-15,2.229,2007,1
988,2007-01-22,2.165,2007,1
989,2007-01-29,2.165,2007,1
990,2007-02-05,2.191,2007,2
991,2007-02-12,2.241,2007,2
992,2007-02-19,2.296,2007,2
993,2007-02-26,2.383,2007,2
995,2007-03-05,2.505,2007,3
996,2007-03-12,2.559,2007,3
997,2007-03-19,2.577,2007,3
998,2007-03-26,2.61,2007,3
1000,2007-04-02,2.707,2007,4
1001,2007-04-09,2.802,2007,4
1002,2007-04-16,2.876,2007,4
1003,2007-04-23,2.869,2007,4
1004,2007-04-30,2.971,2007,4
1005,2007-05-07,3.054,2007,5
1006,2007-05-14,3.103,2007,5
1007,2007-05-21,3.218,2007,5
1008,2007-05-28,3.209,2007,5
1010,2007-06-04,3.157,2007,6
1011,2007-06-11,3.076,2007,6
1012,2007-06-18,3.009,2007,6
1013,2007-06-25,2.982,2007,6
1015,2007-07-02,2.959,2007,7
1016,2007-07-09,2.981,2007,7
1017,2007-07-16,3.049,2007,7
1018,2007-07-23,2.958,2007,7
1019,2007-07-30,2.876,2007,7
1020,2007-08-06,2.838,2007,8
1021,2007-08-13,2.771,2007,8
1022,2007-08-20,2.785,2007,8
1023,2007-08-27,2.749,2007,8
1025,2007-09-03,2.796,2007,9
1026,2007-09-10,2.818,2007,9
1027,2007-09-17,2.787,2007,9
1028,2007-09-24,2.812,2007,9
1030,2007-10-01,2.788,2007,10
1031,2007-10-08,2.77,2007,10
1032,2007-10-15,2.762,2007,10
1033,2007-10-22,2.823,2007,10
1034,2007-10-29,2.872,2007,10
1035,2007-11-05,3.013,2007,11
1036,2007-11-12,3.111,2007,11
1037,2007-11-19,3.099,2007,11
1038,2007-11-26,3.097,2007,11
1040,2007-12-03,3.061,2007,12
1041,2007-12-10,3.0,2007,12
1042,2007-12-17,2.998,2007,12
1043,2007-12-24,2.98,2007,12
1044,2007-12-31,3.053,2007,12
1045,2008-01-07,3.109,2008,1
1046,2008-01-14,3.068,2008,1
1047,2008-01-21,3.017,2008,1
1048,2008-01-28,2.977,2008,1
1050,2008-02-04,2.978,2008,2
1051,2008-02-11,2.96,2008,2
1052,2008-02-18,3.042,2008,2
1053,2008-02-25,3.13,2008,2
1055,2008-03-03,3.162,2008,3
1056,2008-03-10,3.225,2008,3
1057,2008-03-17,3.284,2008,3
1058,2008-03-24,3.259,2008,3
1059,2008-03-31,3.29,2008,3
1060,2008-04-07,3.332,2008,4
1061,2008-04-14,3.389,2008,4
1062,2008-04-21,3.508,2008,4
1063,2008-04-28,3.603,2008,4
1065,2008-05-05,3.613,2008,5
1066,2008-05-12,3.722,2008,5
1067,2008-05-19,3.791,2008,5
1068,2008-05-26,3.937,2008,5
1070,2008-06-02,3.976,2008,6
1071,2008-06-09,4.039,2008,6
1072,2008-06-16,4.082,2008,6
1073,2008-06-23,4.079,2008,6
1074,2008-06-30,4.095,2008,6
1075,2008-07-07,4.114,2008,7
1076,2008-07-14,4.113,2008,7
1077,2008-07-21,4.064,2008,7
1078,2008-07-28,3.955,2008,7
1080,2008-08-04,3.88,2008,8
1081,2008-08-11,3.809,2008,8
1082,2008-08-18,3.74,2008,8
1083,2008-08-25,3.685,2008,8
1085,2008-09-01,3.68,2008,9
1086,2008-09-08,3.648,2008,9
1087,2008-09-15,3.835,2008,9
1088,2008-09-22,3.718,2008,9
1089,2008-09-29,3.632,2008,9
1090,2008-10-06,3.484,2008,10
1091,2008-10-13,3.151,2008,10
1092,2008-10-20,2.914,2008,10
1093,2008-10-27,2.656,2008,10
1095,2008-11-03,2.4,2008,11
1096,2008-11-10,2.224,2008,11
1097,2008-11-17,2.072,2008,11
1098,2008-11-24,1.892,2008,11
1100,2008-12-01,1.811,2008,12
1101,2008-12-08,1.699,2008,12
1102,2008-12-15,1.659,2008,12
1103,2008-12-22,1.653,2008,12
1104,2008-12-29,1.613,2008,12
1105,2009-01-05,1.684,2009,1
1106,2009-01-12,1.784,2009,1
1107,2009-01-19,1.847,2009,1
1108,2009-01-26,1.838,2009,1
1110,2009-02-02,1.892,2009,2
1111,2009-02-09,1.926,2009,2
1112,2009-02-16,1.964,2009,2
1113,2009-02-23,1.909,2009,2
1115,2009-03-02,1.934,2009,3
1116,2009-03-09,1.941,2009,3
1117,2009-03-16,1.91,2009,3
1118,2009-03-23,1.962,2009,3
1119,2009-03-30,2.046,2009,3
1120,2009-04-06,2.037,2009,4
1121,2009-04-13,2.051,2009,4
1122,2009-04-20,2.059,2009,4
1123,2009-04-27,2.049,2009,4
1125,2009-05-04,2.078,2009,5
1126,2009-05-11,2.24,2009,5
1127,2009-05-18,2.309,2009,5
1128,2009-05-25,2.435,2009,5
1130,2009-06-01,2.524,2009,6
1131,2009-06-08,2.624,2009,6
1132,2009-06-15,2.672,2009,6
1133,2009-06-22,2.691,2009,6
1134,2009-06-29,2.642,2009,6
1135,2009-07-06,2.612,2009,7
1136,2009-07-13,2.528,2009,7
1137,2009-07-20,2.463,2009,7
1138,2009-07-27,2.503,2009,7
1140,2009-08-03,2.557,2009,8
1141,2009-08-10,2.647,2009,8
1142,2009-08-17,2.637,2009,8
1143,2009-08-24,2.628,2009,8
1144,2009-08-31,2.613,2009,8
1145,2009-09-07,2.588,2009,9
1146,2009-09-14,2.577,2009,9
1147,2009-09-21,2.552,2009,9
1148,2009-09-28,2.499,2009,9
1150,2009-10-05,2.468,2009,10
1151,2009-10-12,2.489,2009,10
1152,2009-10-19,2.574,2009,10
1153,2009-10-26,2.674,2009,10
1155,2009-11-02,2.694,2009,11
1156,2009-11-09,2.666,2009,11
1157,2009-11-16,2.629,2009,11
1158,2009-11-23,2.639,2009,11
1159,2009-11-30,2.629,2009,11
1160,2009-12-07,2.634,2009,12
1161,2009-12-14,2.599,2009,12
1162,2009-12-21,2.589,2009,12
1163,2009-12-28,2.607,2009,12
1165,2010-01-04,2.665,2010,1
1166,2010-01-11,2.751,2010,1
1167,2010-01-18,2.739,2010,1
1168,2010-01-25,2.705,2010,1
1170,2010-02-01,2.661,2010,2
1171,2010-02-08,2.652,2010,2
1172,2010-02-15,2.608,2010,2
1173,2010-02-22,2.655,2010,2
1175,2010-03-01,2.702,2010,3
1176,2010-03-08,2.751,2010,3
1177,2010-03-15,2.788,2010,3
1178,2010-03-22,2.819,2010,3
1179,2010-03-29,2.798,2010,3
1180,2010-04-05,2.826,2010,4
1181,2010-04-12,2.858,2010,4
1182,2010-04-19,2.86,2010,4
1183,2010-04-26,2.849,2010,4
1185,2010-05-03,2.898,2010,5
1186,2010-05-10,2.905,2010,5
1187,2010-05-17,2.864,2010,5
1188,2010-05-24,2.786,2010,5
1189,2010-05-31,2.728,2010,5
1190,2010-06-07,2.725,2010,6
1191,2010-06-14,2.701,2010,6
1192,2010-06-21,2.743,2010,6
1193,2010-06-28,2.757,2010,6
1195,2010-07-05,2.726,2010,7
1196,2010-07-12,2.718,2010,7
1197,2010-07-19,2.722,2010,7
1198,2010-07-26,2.749,2010,7
1200,2010-08-02,2.735,2010,8
1201,2010-08-09,2.783,2010,8
1202,2010-08-16,2.745,2010,8
1203,2010-08-23,2.704,2010,8
1204,2010-08-30,2.682,2010,8
1205,2010-09-06,2.682,2010,9
1206,2010-09-13,2.721,2010,9
1207,2010-09-20,2.723,2010,9
1208,2010-09-27,2.694,2010,9
1210,2010-10-04,2.732,2010,10
1211,2010-10-11,2.819,2010,10
1212,2010-10-18,2.834,2010,10
1213,2010-10-25,2.817,2010,10
1215,2010-11-01,2.806,2010,11
1216,2010-11-08,2.865,2010,11
1217,2010-11-15,2.892,2010,11
1218,2010-11-22,2.876,2010,11
1219,2010-11-29,2.856,2010,11
1220,2010-12-06,2.958,2010,12
1221,2010-12-13,2.98,2010,12
1222,2010-12-20,2.982,2010,12
1223,2010-12-27,3.052,2010,12
1225,2011-01-03,3.07,2011,1
1226,2011-01-10,3.089,2011,1
1227,2011-01-17,3.104,2011,1
1228,2011-01-24,3.11,2011,1
1229,2011-01-31,3.101,2011,1
1230,2011-02-07,3.132,2011,2
1231,2011-02-14,3.14,2011,2
1232,2011-02-21,3.189,2011,2
1233,2011-02-28,3.383,2011,2
1235,2011-03-07,3.52,2011,3
1236,2011-03-14,3.567,2011,3
1237,2011-03-21,3.562,2011,3
1238,2011-03-28,3.596,2011,3
1240,2011-04-04,3.684,2011,4
1241,2011-04-11,3.791,2011,4
1242,2011-04-18,3.844,2011,4
1243,2011-04-25,3.879,2011,4
1245,2011-05-02,3.963,2011,5
1246,2011-05-09,3.965,2011,5
1247,2011-05-16,3.96,2011,5
1248,2011-05-23,3.849,2011,5
1249,2011-05-30,3.794,2011,5
1250,2011-06-06,3.781,2011,6
1251,2011-06-13,3.713,2011,6
1252,2011-06-20,3.652,2011,6
1253,2011-06-27,3.574,2011,6
1255,2011-07-04,3.579,2011,7
1256,2011-07-11,3.641,2011,7
1257,2011-07-18,3.682,2011,7
1258,2011-07-25,3.699,2011,7
1260,2011-08-01,3.711,2011,8
1261,2011-08-08,3.674,2011,8
1262,2011-08-15,3.604,2011,8
1263,2011-08-22,3.581,2011,8
1264,2011-08-29,3.627,2011,8
1265,2011-09-05,3.674,2011,9
1266,2011-09-12,3.661,2011,9
1267,2011-09-19,3.601,2011,9
1268,2011-09-26,3.509,2011,9
1270,2011-10-03,3.433,2011,10
1271,2011-10-10,3.417,2011,10
1272,2011-10-17,3.476,2011,10
1273,2011-10-24,3.462,2011,10
1274,2011-10-31,3.452,2011,10
1275,2011-11-07,3.424,2011,11
1276,2011-11-14,3.436,2011,11
1277,2011-11-21,3.368,2011,11
1278,2011-11-28,3.307,2011,11
1280,2011-12-05,3.29,2011,12
1281,2011-12-12,3.286,2011,12
1282,2011-12-19,3.229,2011,12
1283,2011-12-26,3.258,2011,12
1285,2012-01-02,3.299,2012,1
1286,2012-01-09,3.382,2012,1
1287,2012-01-16,3.391,2012,1
1288,2012-01-23,3.389,2012,1
1289,2012-01-30,3.439,2012,1
1290,2012-02-06,3.482,2012,2
1291,2012-02-13,3.523,2012,2
1292,2012-02-20,3.591,2012,2
1293,2012-02-27,3.721,2012,2
1295,2012-03-05,3.793,2012,3
1296,2012-03-12,3.829,2012,3
1297,2012-03-19,3.867,2012,3
1298,2012-03-26,3.918,2012,3
1300,2012-04-02,3.941,2012,4
1301,2012-04-09,3.939,2012,4
1302,2012-04-16,3.922,2012,4
1303,2012-04-23,3.87,2012,4
1304,2012-04-30,3.83,2012,4
1305,2012-05-07,3.79,2012,5
1306,2012-05-14,3.754,2012,5
1307,2012-05-21,3.715,2012,5
1308,2012-05-28,3.67,2012,5
1310,2012-06-04,3.613,2012,6
1311,2012-06-11,3.572,2012,6
1312,2012-06-18,3.533,2012,6
1313,2012-06-25,3.437,2012,6
1315,2012-07-02,3.356,2012,7
1316,2012-07-09,3.411,2012,7
1317,2012-07-16,3.427,2012,7
1318,2012-07-23,3.494,2012,7
1319,2012-07-30,3.508,2012,7
1320,2012-08-06,3.645,2012,8
1321,2012-08-13,3.721,2012,8
1322,2012-08-20,3.744,2012,8
1323,2012-08-27,3.776,2012,8
1325,2012-09-03,3.843,2012,9
1326,2012-09-10,3.847,2012,9
1327,2012-09-17,3.878,2012,9
1328,2012-09-24,3.826,2012,9
1330,2012-10-01,3.804,2012,10
1331,2012-10-08,3.85,2012,10
1332,2012-10-15,3.819,2012,10
1333,2012-10-22,3.687,2012,10
1334,2012-10-29,3.568,2012,10
1335,2012-11-05,3.492,2012,11
1336,2012-11-12,3.449,2012,11
1337,2012-11-19,3.429,2012,11
1338,2012-11-26,3.437,2012,11
1340,2012-12-03,3.394,2012,12
1341,2012-12-10,3.349,2012,12
1342,2012-12-17,3.254,2012,12
1343,2012-12-24,3.257,2012,12
1344,2012-12-31,3.298,2012,12
1345,2013-01-07,3.299,2013,1
1346,2013-01-14,3.303,2013,1
1347,2013-01-21,3.315,2013,1
1348,2013-01-28,3.357,2013,1
1350,2013-02-04,3.538,2013,2
1351,2013-02-11,3.611,2013,2
1352,2013-02-18,3.747,2013,2
1353,2013-02-25,3.784,2013,2
1355,2013-03-04,3.759,2013,3
1356,2013-03-11,3.71,2013,3
1357,2013-03-18,3.696,2013,3
1358,2013-03-25,3.68,2013,3
1360,2013-04-01,3.645,2013,4
1361,2013-04-08,3.608,2013,4
1362,2013-04-15,3.542,2013,4
1363,2013-04-22,3.536,2013,4
1364,2013-04-29,3.52,2013,4
1365,2013-05-06,3.538,2013,5
1366,2013-05-13,3.603,2013,5
1367,2013-05-20,3.673,2013,5
1368,2013-05-27,3.645,2013,5
1370,2013-06-03,3.646,2013,6
1371,2013-06-10,3.655,2013,6
1372,2013-06-17,3.626,2013,6
1373,2013-06-24,3.577,2013,6
1375,2013-07-01,3.496,2013,7
1376,2013-07-08,3.492,2013,7
1377,2013-07-15,3.639,2013,7
1378,2013-07-22,3.682,2013,7
1379,2013-07-29,3.646,2013,7
1380,2013-08-05,3.632,2013,8
1381,2013-08-12,3.561,2013,8
1382,2013-08-19,3.55,2013,8
1383,2013-08-26,3.552,2013,8
1385,2013-09-02,3.608,2013,9
1386,2013-09-09,3.587,2013,9
1387,2013-09-16,3.547,2013,9
1388,2013-09-23,3.495,2013,9
1389,2013-09-30,3.425,2013,9
1390,2013-10-07,3.367,2013,10
1391,2013-10-14,3.354,2013,10
1392,2013-10-21,3.36,2013,10
1393,2013-10-28,3.294,2013,10
1395,2013-11-04,3.265,2013,11
1396,2013-11-11,3.194,2013,11
1397,2013-11-18,3.219,2013,11
1398,2013-11-25,3.293,2013,11
1400,2013-12-02,3.272,2013,12
1401,2013-12-09,3.269,2013,12
1402,2013-12-16,3.239,2013,12
1403,2013-12-23,3.271,2013,12
1404,2013-12-30,3.331,2013,12
1405,2014-01-06,3.332,2014,1
1406,2014-01-13,3.327,2014,1
1407,2014-01-20,3.296,2014,1
1408,2014-01-27,3.295,2014,1
1410,2014-02-03,3.292,2014,2
1411,2014-02-10,3.309,2014,2
1412,2014-02-17,3.38,2014,2
1413,2014-02-24,3.444,2014,2
1415,2014-03-03,3.479,2014,3
1416,2014-03-10,3.512,2014,3
1417,2014-03-17,3.547,2014,3
1418,2014-03-24,3.549,2014,3
1419,2014-03-31,3.579,2014,3
1420,2014-04-07,3.596,2014,4
1421,2014-04-14,3.651,2014,4
1422,2014-04-21,3.683,2014,4
1423,2014-04-28,3.713,2014,4
1425,2014-05-05,3.684,2014,5
1426,2014-05-12,3.668,2014,5
1427,2014-05-19,3.665,2014,5
1428,2014-05-26,3.674,2014,5
1430,2014-06-02,3.69,2014,6
1431,2014-06-09,3.674,2014,6
1432,2014-06-16,3.686,2014,6
1433,2014-06-23,3.704,2014,6
1434,2014-06-30,3.704,2014,6
1435,2014-07-07,3.678,2014,7
1436,2014-07-14,3.635,2014,7
1437,2014-07-21,3.593,2014,7
1438,2014-07-28,3.539,2014,7
1440,2014-08-04,3.515,2014,8
1441,2014-08-11,3.505,2014,8
1442,2014-08-18,3.472,2014,8
1443,2014-08-25,3.454,2014,8
1445,2014-09-01,3.459,2014,9
1446,2014-09-08,3.457,2014,9
1447,2014-09-15,3.408,2014,9
1448,2014-09-22,3.353,2014,9
1449,2014-09-29,3.354,2014,9
1450,2014-10-06,3.299,2014,10
1451,2014-10-13,3.207,2014,10
1452,2014-10-20,3.12,2014,10
1453,2014-10-27,3.056,2014,10
1455,2014-11-03,2.993,2014,11
1456,2014-11-10,2.941,2014,11
1457,2014-11-17,2.894,2014,11
1458,2014-11-24,2.821,2014,11
1460,2014-12-01,2.778,2014,12
1461,2014-12-08,2.679,2014,12
1462,2014-12-15,2.554,2014,12
1463,2014-12-22,2.403,2014,12
1464,2014-12-29,2.299,2014,12
1465,2015-01-05,2.214,2015,1
1466,2015-01-12,2.139,2015,1
1467,2015-01-19,2.066,2015,1
1468,2015-01-26,2.044,2015,1
1470,2015-02-02,2.068,2015,2
1471,2015-02-09,2.191,2015,2
1472,2015-02-16,2.274,2015,2
1473,2015-02-23,2.332,2015,2
1475,2015-03-02,2.473,2015,3
1476,2015-03-09,2.487,2015,3
1477,2015-03-16,2.453,2015,3
1478,2015-03-23,2.457,2015,3
1479,2015-03-30,2.448,2015,3
1480,2015-04-06,2.413,2015,4
1481,2015-04-13,2.408,2015,4
1482,2015-04-20,2.485,2015,4
1483,2015-04-27,2.57,2015,4
1485,2015-05-04,2.664,2015,5
1486,2015-05-11,2.691,2015,5
1487,2015-05-18,2.744,2015,5
1488,2015-05-25,2.774,2015,5
1490,2015-06-01,2.78,2015,6
1491,2015-06-08,2.78,2015,6
1492,2015-06-15,2.835,2015,6
1493,2015-06-22,2.812,2015,6
1494,2015-06-29,2.801,2015,6
1495,2015-07-06,2.793,2015,7
1496,2015-07-13,2.834,2015,7
1497,2015-07-20,2.802,2015,7
1498,2015-07-27,2.745,2015,7
1500,2015-08-03,2.689,2015,8
1501,2015-08-10,2.629,2015,8
1502,2015-08-17,2.716,2015,8
1503,2015-08-24,2.637,2015,8
1504,2015-08-31,2.51,2015,8
1505,2015-09-07,2.437,2015,9
1506,2015-09-14,2.375,2015,9
1507,2015-09-21,2.327,2015,9
1508,2015-09-28,2.322,2015,9
1510,2015-10-05,2.318,2015,10
1511,2015-10-12,2.337,2015,10
1512,2015-10-19,2.277,2015,10
1513,2015-10-26,2.228,2015,10
1515,2015-11-02,2.224,2015,11
1516,2015-11-09,2.235,2015,11
1517,2015-11-16,2.178,2015,11
1518,2015-11-23,2.094,2015,11
1519,2015-11-30,2.059,2015,11
1520,2015-12-07,2.053,2015,12
1521,2015-12-14,2.037,2015,12
1522,2015-12-21,2.026,2015,12
1523,2015-12-28,2.034,2015,12
1525,2016-01-04,2.028,2016,1
1526,2016-01-11,1.996,2016,1
1527,2016-01-18,1.914,2016,1
1528,2016-01-25,1.856,2016,1
1530,2016-02-01,1.822,2016,2
1531,2016-02-08,1.759,2016,2
1532,2016-02-15,1.724,2016,2
1533,2016-02-22,1.73,2016,2
1534,2016-02-29,1.783,2016,2
1535,2016-03-07,1.841,2016,3
1536,2016-03-14,1.961,2016,3
1537,2016-03-21,2.007,2016,3
1538,2016-03-28,2.066,2016,3
1540,2016-04-04,2.083,2016,4
1541,2016-04-11,2.069,2016,4
1542,2016-04-18,2.137,2016,4
1543,2016-04-25,2.162,2016,4
1545,2016-05-02,2.24,2016,5
1546,2016-05-09,2.22,2016,5
1547,2016-05-16,2.242,2016,5
1548,2016-05-23,2.3,2016,5
1549,2016-05-30,2.339,2016,5
1550,2016-06-06,2.381,2016,6
1551,2016-06-13,2.399,2016,6
1552,2016-06-20,2.353,2016,6
1553,2016-06-27,2.329,2016,6
1555,2016-07-04,2.291,2016,7
1556,2016-07-11,2.253,2016,7
1557,2016-07-18,2.23,2016,7
1558,2016-07-25,2.182,2016,7
1560,2016-08-01,2.159,2016,8
1561,2016-08-08,2.15,2016,8
1562,2016-08-15,2.149,2016,8
1563,2016-08-22,2.193,2016,8
1564,2016-08-29,2.237,2016,8
1565,2016-09-05,2.223,2016,9
1566,2016-09-12,2.202,2016,9
1567,2016-09-19,2.225,2016,9
1568,2016-09-26,2.224,2016,9
1570,2016-10-03,2.245,2016,10
1571,2016-10-10,2.272,2016,10
1572,2016-10-17,2.257,2016,10
1573,2016-10-24,2.243,2016,10
1574,2016-10-31,2.23,2016,10
1575,2016-11-07,2.233,2016,11
1576,2016-11-14,2.184,2016,11
1577,2016-11-21,2.155,2016,11
1578,2016-11-28,2.154,2016,11
1580,2016-12-05,2.208,2016,12
1581,2016-12-12,2.236,2016,12
1582,2016-12-19,2.264,2016,12
1583,2016-12-26,2.309,2016,12
1585,2017-01-02,2.377,2017,1
1586,2017-01-09,2.388,2017,1
1587,2017-01-16,2.358,2017,1
1588,2017-01-23,2.326,2017,1
1589,2017-01-30,2.296,2017,1
1590,2017-02-06,2.293,2017,2
1591,2017-02-13,2.307,2017,2
1592,2017-02-20,2.302,2017,2
1593,2017-02-27,2.314,2017,2
1595,2017-03-06,2.341,2017,3
1596,2017-03-13,2.323,2017,3
1597,2017-03-20,2.321,2017,3
1598,2017-03-27,2.315,2017,3
1600,2017-04-03,2.36,2017,4
1601,2017-04-10,2.424,2017,4
1602,2017-04-17,2.436,2017,4
1603,2017-04-24,2.449,2017,4
1605,2017-05-01,2.411,2017,5
1606,2017-05-08,2.372,2017,5
1607,2017-05-15,2.369,2017,5
1608,2017-05-22,2.399,2017,5
1609,2017-05-29,2.406,2017,5
1610,2017-06-05,2.414,2017,6
1611,2017-06-12,2.366,2017,6
1612,2017-06-19,2.318,2017,6
1613,2017-06-26,2.288,2017,6
1615,2017-07-03,2.26,2017,7
1616,2017-07-10,2.297,2017,7
1617,2017-07-17,2.278,2017,7
1618,2017-07-24,2.312,2017,7
1619,2017-07-31,2.352,2017,7
1620,2017-08-07,2.378,2017,8
1621,2017-08-14,2.384,2017,8
1622,2017-08-21,2.36,2017,8
1623,2017-08-28,2.399,2017,8
1625,2017-09-04,2.679,2017,9
1626,2017-09-11,2.685,2017,9
1627,2017-09-18,2.634,2017,9
1628,2017-09-25,2.583,2017,9
1630,2017-10-02,2.565,2017,10
1631,2017-10-09,2.504,2017,10
1632,2017-10-16,2.489,2017,10
1633,2017-10-23,2.479,2017,10
1634,2017-10-30,2.488,2017,10
1635,2017-11-06,2.561,2017,11
1636,2017-11-13,2.592,2017,11
1637,2017-11-20,2.568,2017,11
1638,2017-11-27,2.533,2017,11
1640,2017-12-04,2.5,2017,12
1641,2017-12-11,2.485,2017,12
1642,2017-12-18,2.45,2017,12
1643,2017-12-25,2.472,2017,12
1645,2018-01-01,2.52,2018,1
1646,2018-01-08,2.522,2018,1
1647,2018-01-15,2.557,2018,1
1648,2018-01-22,2.567,2018,1
1649,2018-01-29,2.607,2018,1
1650,2018-02-05,2.637,2018,2
1651,2018-02-12,2.607,2018,2
1652,2018-02-19,2.557,2018,2
1653,2018-02-26,2.548,2018,2
1655,2018-03-05,2.56,2018,3
1656,2018-03-12,2.559,2018,3
1657,2018-03-19,2.598,2018,3
1658,2018-03-26,2.648,2018,3
1660,2018-04-02,2.7,2018,4
1661,2018-04-09,2.694,2018,4
1662,2018-04-16,2.747,2018,4
1663,2018-04-23,2.798,2018,4
1664,2018-04-30,2.846,2018,4
1665,2018-05-07,2.845,2018,5
1666,2018-05-14,2.873,2018,5
1667,2018-05-21,2.923,2018,5
1668,2018-05-28,2.962,2018,5
1670,2018-06-04,2.94,2018,6
1671,2018-06-11,2.911,2018,6
1672,2018-06-18,2.879,2018,6
1673,2018-06-25,2.833,2018,6
1675,2018-07-02,2.844,2018,7
1676,2018-07-09,2.857,2018,7
1677,2018-07-16,2.865,2018,7
1678,2018-07-23,2.831,2018,7
1679,2018-07-30,2.846,2018,7
1680,2018-08-06,2.852,2018,8
1681,2018-08-13,2.843,2018,8
1682,2018-08-20,2.821,2018,8
1683,2018-08-27,2.827,2018,8
1685,2018-09-03,2.824,2018,9
1686,2018-09-10,2.833,2018,9
1687,2018-09-17,2.841,2018,9
1688,2018-09-24,2.844,2018,9
1690,2018-10-01,2.866,2018,10
1691,2018-10-08,2.903,2018,10
1692,2018-10-15,2.879,2018,10
1693,2018-10-22,2.841,2018,10
1694,2018-10-29,2.811,2018,10
1695,2018-11-05,2.753,2018,11
1696,2018-11-12,2.686,2018,11
1697,2018-11-19,2.611,2018,11
1698,2018-11-26,2.539,2018,11
1700,2018-12-03,2.451,2018,12
1701,2018-12-10,2.421,2018,12
1702,2018-12-17,2.369,2018,12
1703,2018-12-24,2.321,2018,12
1704,2018-12-31,2.266,2018,12
1705,2019-01-07,2.237,2019,1
1706,2019-01-14,2.247,2019,1
1707,2019-01-21,2.251,2019,1
1708,2019-01-28,2.256,2019,1
1710,2019-02-04,2.254,2019,2
1711,2019-02-11,2.276,2019,2
1712,2019-02-18,2.317,2019,2
1713,2019-02-25,2.39,2019,2
1715,2019-03-04,2.422,2019,3
1716,2019-03-11,2.471,2019,3
1717,2019-03-18,2.548,2019,3
1718,2019-03-25,2.623,2019,3
1720,2019-04-01,2.691,2019,4
1721,2019-04-08,2.745,2019,4
1722,2019-04-15,2.828,2019,4
1723,2019-04-22,2.841,2019,4
1724,2019-04-29,2.887,2019,4
1725,2019-05-06,2.897,2019,5
1726,2019-05-13,2.866,2019,5
1727,2019-05-20,2.852,2019,5
1728,2019-05-27,2.822,2019,5
1730,2019-06-03,2.807,2019,6
1731,2019-06-10,2.732,2019,6
1732,2019-06-17,2.67,2019,6
1733,2019-06-24,2.654,2019,6
1735,2019-07-01,2.713,2019,7
1736,2019-07-08,2.743,2019,7
1737,2019-07-15,2.779,2019,7
1738,2019-07-22,2.75,2019,7
1739,2019-07-29,2.715,2019,7
1740,2019-08-05,2.688,2019,8
1741,2019-08-12,2.624,2019,8
1742,2019-08-19,2.598,2019,8
1743,2019-08-26,2.574,2019,8
1745,2019-09-02,2.563,2019,9
1746,2019-09-09,2.55,2019,9
1747,2019-09-16,2.552,2019,9
1748,2019-09-23,2.654,2019,9
1749,2019-09-30,2.642,2019,9
1750,2019-10-07,2.645,2019,10
1751,2019-10-14,2.629,2019,10
1752,2019-10-21,2.638,2019,10
1753,2019-10-28,2.596,2019,10
1755,2019-11-04,2.605,2019,11
1756,2019-11-11,2.615,2019,11
1757,2019-11-18,2.592,2019,11
1758,2019-11-25,2.579,2019,11
1760,2019-12-02,2.575,2019,12
1761,2019-12-09,2.561,2019,12
1762,2019-12-16,2.536,2019,12
1763,2019-12-23,2.532,2019,12
1764,2019-12-30,2.571,2019,12
1765,2020-01-06,2.578,2020,1
1766,2020-01-13,2.57,2020,1
1767,2020-01-20,2.537,2020,1
1768,2020-01-27,2.506,2020,1
1770,2020-02-03,2.455,2020,2
1771,2020-02-10,2.419,2020,2
1772,2020-02-17,2.428,2020,2
1773,2020-02-24,2.466,2020,2
1775,2020-03-02,2.423,2020,3
1776,2020-03-09,2.375,2020,3
1777,2020-03-16,2.248,2020,3
1778,2020-03-23,2.12,2020,3
1779,2020-03-30,2.005,2020,3
1780,2020-04-06,1.924,2020,4
1781,2020-04-13,1.853,2020,4
1782,2020-04-20,1.812,2020,4
1783,2020-04-27,1.773,2020,4
1785,2020-05-04,1.789,2020,5
1786,2020-05-11,1.851,2020,5
1787,2020-05-18,1.878,2020,5
1788,2020-05-25,1.96,2020,5
1790,2020-06-01,1.974,2020,6
1791,2020-06-08,2.036,2020,6
1792,2020-06-15,2.098,2020,6
1793,2020-06-22,2.129,2020,6
1794,2020-06-29,2.174,2020,6
1795,2020-07-06,2.177,2020,7
1796,2020-07-13,2.195,2020,7
1797,2020-07-20,2.186,2020,7
1798,2020-07-27,2.175,2020,7
1800,2020-08-03,2.176,2020,8
1801,2020-08-10,2.166,2020,8
1802,2020-08-17,2.166,2020,8
1803,2020-08-24,2.182,2020,8
1804,2020-08-31,2.222,2020,8
1805,2020-09-07,2.211,2020,9
1806,2020-09-14,2.183,2020,9
1807,2020-09-21,2.168,2020,9
1808,2020-09-28,2.169,2020,9
1810,2020-10-05,2.172,2020,10
1811,2020-10-12,2.167,2020,10
1812,2020-10-19,2.15,2020,10
1813,2020-10-26,2.143,2020,10
1815,2020-11-02,2.112,2020,11
1816,2020-11-09,2.096,2020,11
1817,2020-11-16,2.111,2020,11
1818,2020-11-23,2.102,2020,11
1819,2020-11-30,2.12,2020,11
1820,2020-12-07,2.156,2020,12
1821,2020-12-14,2.158,2020,12
1822,2020-12-21,2.224,2020,12
1823,2020-12-28,2.243,2020,12
1825,2021-01-04,2.249,2021,1
1826,2021-01-11,2.317,2021,1
1827,2021-01-18,2.379,2021,1
1828,2021-01-25,2.392,2021,1
1830,2021-02-01,2.409,2021,2
1831,2021-02-08,2.461,2021,2
1832,2021-02-15,2.501,2021,2
1833,2021-02-22,2.633,2021,2
1835,2021-03-01,2.711,2021,3
1836,2021-03-08,2.771,2021,3
1837,2021-03-15,2.853,2021,3
1838,2021-03-22,2.865,2021,3
1839,2021-03-29,2.852,2021,3
1840,2021-04-05,2.857,2021,4
1841,2021-04-12,2.849,2021,4
1842,2021-04-19,2.855,2021,4
1843,2021-04-26,2.872,2021,4
1845,2021-05-03,2.89,2021,5
1846,2021-05-10,2.961,2021,5
1847,2021-05-17,3.028,2021,5
1848,2021-05-24,3.02,2021,5
1849,2021-05-31,3.027,2021,5
1850,2021-06-07,3.035,2021,6
1851,2021-06-14,3.069,2021,6
1852,2021-06-21,3.06,2021,6
1853,2021-06-28,3.091,2021,6
1855,2021-07-05,3.122,2021,7
1856,2021-07-12,3.133,2021,7
1857,2021-07-19,3.153,2021,7
1858,2021-07-26,3.136,2021,7
1860,2021-08-02,3.159,2021,8
1861,2021-08-09,3.172,2021,8
1862,2021-08-16,3.174,2021,8
1863,2021-08-23,3.145,2021,8
1864,2021-08-30,3.139,2021,8
1865,2021-09-06,3.176,2021,9
1866,2021-09-13,3.165,2021,9
1867,2021-09-20,3.184,2021,9
1868,2021-09-27,3.175,2021,9
1870,2021-10-04,3.19,2021,10
1871,2021-10-11,3.267,2021,10
1872,2021-10-18,3.322,2021,10
1873,2021-10-25,3.383,2021,10
1875,2021-11-01,3.39,2021,11
1876,2021-11-08,3.41,2021,11
1877,2021-11-15,3.399,2021,11
1878,2021-11-22,3.395,2021,11
1879,2021-11-29,3.38,2021,11
1880,2021-12-06,3.341,2021,12
1881,2021-12-13,3.315,2021,12
1882,2021-12-20,3.295,2021,12
1883,2021-12-27,3.275,2021,12
1885,2022-01-03,3.281,2022,1
1886,2022-01-10,3.295,2022,1
1887,2022-01-17,3.306,2022,1
1888,2022-01-24,3.323,2022,1
1889,2022-01-31,3.368,2022,1
1890,2022-02-07,3.444,2022,2
1891,2022-02-14,3.487,2022,2
1892,2022-02-21,3.53,2022,2
1893,2022-02-28,3.608,2022,2
1895,2022-03-07,4.102,2022,3
1896,2022-03-14,4.315,2022,3
1897,2022-03-21,4.239,2022,3
1898,2022-03-28,4.231,2022,3
1900,2022-04-04,4.17,2022,4
1901,2022-04-11,4.091,2022,4
1902,2022-04-18,4.066,2022,4
1903,2022-04-25,4.107,2022,4
1905,2022-05-02,4.182,2022,5
1906,2022-05-09,4.328,2022,5
1907,2022-05-16,4.491,2022,5
1908,2022-05-23,4.593,2022,5
1909,2022-05-30,4.624,2022,5
1910,2022-06-06,4.876,2022,6
1911,2022-06-13,5.006,2022,6
1912,2022-06-20,4.962,2022,6
1913,2022-06-27,4.872,2022,6
1915,2022-07-04,4.771,2022,7
1916,2022-07-11,4.646,2022,7
1917,2022-07-18,4.49,2022,7
1918,2022-07-25,4.33,2022,7
1920,2022-08-01,4.192,2022,8
1921,2022-08-08,4.038,2022,8
1922,2022-08-15,3.938,2022,8
1923,2022-08-22,3.88,2022,8
1924,2022-08-29,3.827,2022,8
1925,2022-09-05,3.746,2022,9
1926,2022-09-12,3.69,2022,9
1927,2022-09-19,3.654,2022,9
1928,2022-09-26,3.711,2022,9
1930,2022-10-03,3.782,2022,10
1931,2022-10-10,3.912,2022,10
1932,2022-10-17,3.871,2022,10
1933,2022-10-24,3.769,2022,10
1934,2022-10-31,3.742,2022,10
1935,2022-11-07,3.796,2022,11
1936,2022-11-14,3.762,2022,11
1937,2022-11-21,3.648,2022,11
1938,2022-11-28,3.534,2022,11
1940,2022-12-05,3.39,2022,12
1941,2022-12-12,3.239,2022,12
1942,2022-12-19,3.12,2022,12
1943,2022-12-26,3.091,2022,12
1945,2023-01-02,3.223,2023,1
1946,2023-01-09,3.259,2023,1
1947,2023-01-16,3.31,2023,1
1948,2023-01-23,3.415,2023,1
1949,2023-01-30,3.489,2023,1
1950,2023-02-06,3.444,2023,2
1951,2023-02-13,3.39,2023,2
1952,2023-02-20,3.379,2023,2
1953,2023-02-27,3.342,2023,2
1955,2023-03-06,3.389,2023,3
1956,2023-03-13,3.456,2023,3
1957,2023-03-20,3.422,2023,3
1958,2023-03-27,3.421,2023,3
